Loan_ID,Gender,Married,Dependents,Education,Self_Employed,ApplicantIncome,CoapplicantIncome,LoanAmount,Loan_Amount_Term,Credit_History,Property_Area,Loan_Status
LP001002,Male,No,0,Graduate,No,5849.00,0.00,146.41,360.00,1.0,Urban,Y
LP001003,Male,Yes,1,Graduate,No,4583.00,1508.00,128.00,360.00,1.0,Rural,N
LP001005,Male,Yes,0,Graduate,Yes,3000.00,0.00,66.00,360.00,1.0,Urban,Y
LP001006,Male,Yes,0,Not Graduate,No,2583.00,2358.00,120.00,360.00,1.0,Urban,Y
LP001008,Male,No,0,Graduate,No,6000.00,0.00,141.00,360.00,1.0,Urban,Y
LP001011,Male,Yes,2,Graduate,Yes,5417.00,4196.00,267.00,360.00,1.0,Urban,Y
LP001013,Male,Yes,0,Not Graduate,No,2333.00,1516.00,95.00,360.00,1.0,Urban,Y
LP001014,Male,Yes,3+,Graduate,No,3036.00,2504.00,158.00,360.00,0.0,Semiurban,N
LP001018,Male,Yes,2,Graduate,No,4006.00,1526.00,168.00,360.00,1.0,Urban,Y
LP001020,Male,Yes,1,Graduate,No,12841.00,10968.00,349.00,360.00,1.0,Semiurban,N
LP001024,Male,Yes,2,Graduate,No,3200.00,700.00,70.00,360.00,1.0,Urban,Y
LP001027,Male,Yes,2,Graduate,No,2500.00,1840.00,109.00,360.00,1.0,Urban,Y
LP001028,Male,Yes,2,Graduate,No,3073.00,8106.00,200.00,360.00,1.0,Urban,Y
LP001029,Male,No,0,Graduate,No,1853.00,2840.00,114.00,360.00,1.0,Rural,N
LP001030,Male,Yes,2,Graduate,No,1299.00,1086.00,17.00,120.00,1.0,Urban,Y
LP001032,Male,No,0,Graduate,No,4950.00,0.00,125.00,360.00,1.0,Urban,Y
LP001034,Male,No,1,Not Graduate,No,3596.00,0.00,100.00,240.00,1.0,Urban,Y
LP001036,Female,No,0,Graduate,No,3510.00,0.00,76.00,360.00,0.0,Urban,N
LP001038,Male,Yes,0,Not Graduate,No,4887.00,0.00,133.00,360.00,1.0,Rural,N
LP001041,Male,Yes,0,Graduate,No,2600.00,3500.00,115.00,342.00,1.0,Urban,Y
LP001043,Male,Yes,0,Not Graduate,No,7660.00,0.00,104.00,360.00,0.0,Urban,N
LP001046,Male,Yes,1,Graduate,No,5955.00,5625.00,315.00,360.00,1.0,Urban,Y
LP001047,Male,Yes,0,Not Graduate,No,2600.00,1911.00,116.00,360.00,0.0,Semiurban,N
LP001050,Male,Yes,2,Not Graduate,No,3365.00,1917.00,112.00,360.00,0.0,Rural,N
LP001052,Male,Yes,1,Graduate,No,3717.00,2925.00,151.00,360.00,1.0,Semiurban,N
LP001066,Male,Yes,0,Graduate,Yes,9560.00,0.00,191.00,360.00,1.0,Semiurban,Y
LP001068,Male,Yes,0,Graduate,No,2799.00,2253.00,122.00,360.00,1.0,Semiurban,Y
LP001073,Male,Yes,2,Not Graduate,No,4226.00,1040.00,110.00,360.00,1.0,Urban,Y
LP001086,Male,No,0,Not Graduate,No,1442.00,0.00,35.00,360.00,1.0,Urban,N
LP001087,Female,No,2,Graduate,No,3750.00,2083.00,120.00,360.00,1.0,Semiurban,Y
LP001091,Male,Yes,1,Graduate,No,4166.00,3369.00,201.00,360.00,1.0,Urban,N
LP001095,Male,No,0,Graduate,No,3167.00,0.00,74.00,360.00,1.0,Urban,N
LP001097,Male,No,1,Graduate,Yes,4692.00,0.00,106.00,360.00,1.0,Rural,N
LP001098,Male,Yes,0,Graduate,No,3500.00,1667.00,114.00,360.00,1.0,Semiurban,Y
LP001100,Male,No,3+,Graduate,No,12500.00,3000.00,320.00,360.00,1.0,Rural,N
LP001106,Male,Yes,0,Graduate,No,2275.00,2067.00,146.41,360.00,1.0,Urban,Y
LP001109,Male,Yes,0,Graduate,No,1828.00,1330.00,100.00,342.00,0.0,Urban,N
LP001112,Female,Yes,0,Graduate,No,3667.00,1459.00,144.00,360.00,1.0,Semiurban,Y
LP001114,Male,No,0,Graduate,No,4166.00,7210.00,184.00,360.00,1.0,Urban,Y
LP001116,Male,No,0,Not Graduate,No,3748.00,1668.00,110.00,360.00,1.0,Semiurban,Y
LP001119,Male,No,0,Graduate,No,3600.00,0.00,80.00,360.00,1.0,Urban,N
LP001120,Male,No,0,Graduate,No,1800.00,1213.00,47.00,360.00,1.0,Urban,Y
LP001123,Male,Yes,0,Graduate,No,2400.00,0.00,75.00,360.00,1.0,Urban,Y
LP001131,Male,Yes,0,Graduate,No,3941.00,2336.00,134.00,360.00,1.0,Semiurban,Y
LP001136,Male,Yes,0,Not Graduate,Yes,4695.00,0.00,96.00,342.00,1.0,Urban,Y
LP001137,Female,No,0,Graduate,No,3410.00,0.00,88.00,342.00,1.0,Urban,Y
LP001138,Male,Yes,1,Graduate,No,5649.00,0.00,44.00,360.00,1.0,Urban,Y
LP001144,Male,Yes,0,Graduate,No,5821.00,0.00,144.00,360.00,1.0,Urban,Y
LP001146,Female,Yes,0,Graduate,No,2645.00,3440.00,120.00,360.00,0.0,Urban,N
LP001151,Female,No,0,Graduate,No,4000.00,2275.00,144.00,360.00,1.0,Semiurban,Y
LP001155,Female,Yes,0,Not Graduate,No,1928.00,1644.00,100.00,360.00,1.0,Semiurban,Y
LP001157,Female,No,0,Graduate,No,3086.00,0.00,120.00,360.00,1.0,Semiurban,Y
LP001164,Female,No,0,Graduate,No,4230.00,0.00,112.00,360.00,1.0,Semiurban,N
LP001179,Male,Yes,2,Graduate,No,4616.00,0.00,134.00,360.00,1.0,Urban,N
LP001186,Female,Yes,1,Graduate,Yes,11500.00,0.00,286.00,360.00,0.0,Urban,N
LP001194,Male,Yes,2,Graduate,No,2708.00,1167.00,97.00,360.00,1.0,Semiurban,Y
LP001195,Male,Yes,0,Graduate,No,2132.00,1591.00,96.00,360.00,1.0,Semiurban,Y
LP001197,Male,Yes,0,Graduate,No,3366.00,2200.00,135.00,360.00,1.0,Rural,N
LP001198,Male,Yes,1,Graduate,No,8080.00,2250.00,180.00,360.00,1.0,Urban,Y
LP001199,Male,Yes,2,Not Graduate,No,3357.00,2859.00,144.00,360.00,1.0,Urban,Y
LP001205,Male,Yes,0,Graduate,No,2500.00,3796.00,120.00,360.00,1.0,Urban,Y
LP001206,Male,Yes,3+,Graduate,No,3029.00,0.00,99.00,360.00,1.0,Urban,Y
LP001207,Male,Yes,0,Not Graduate,Yes,2609.00,3449.00,165.00,180.00,0.0,Rural,N
LP001213,Male,Yes,1,Graduate,No,4945.00,0.00,146.41,360.00,0.0,Rural,N
LP001222,Female,No,0,Graduate,No,4166.00,0.00,116.00,360.00,0.0,Semiurban,N
LP001225,Male,Yes,0,Graduate,No,5726.00,4595.00,258.00,360.00,1.0,Semiurban,N
LP001228,Male,No,0,Not Graduate,No,3200.00,2254.00,126.00,180.00,0.0,Urban,N
LP001233,Male,Yes,1,Graduate,No,10750.00,0.00,312.00,360.00,1.0,Urban,Y
LP001238,Male,Yes,3+,Not Graduate,Yes,7100.00,0.00,125.00,60.00,1.0,Urban,Y
LP001241,Female,No,0,Graduate,No,4300.00,0.00,136.00,360.00,0.0,Semiurban,N
LP001243,Male,Yes,0,Graduate,No,3208.00,3066.00,172.00,360.00,1.0,Urban,Y
LP001245,Male,Yes,2,Not Graduate,Yes,1875.00,1875.00,97.00,360.00,1.0,Semiurban,Y
LP001248,Male,No,0,Graduate,No,3500.00,0.00,81.00,300.00,1.0,Semiurban,Y
LP001250,Male,Yes,3+,Not Graduate,No,4755.00,0.00,95.00,342.00,0.0,Semiurban,N
LP001253,Male,Yes,3+,Graduate,Yes,5266.00,1774.00,187.00,360.00,1.0,Semiurban,Y
LP001255,Male,No,0,Graduate,No,3750.00,0.00,113.00,480.00,1.0,Urban,N
LP001256,Male,No,0,Graduate,No,3750.00,4750.00,176.00,360.00,1.0,Urban,N
LP001259,Male,Yes,1,Graduate,Yes,1000.00,3022.00,110.00,360.00,1.0,Urban,N
LP001263,Male,Yes,3+,Graduate,No,3167.00,4000.00,180.00,300.00,0.0,Semiurban,N
LP001264,Male,Yes,3+,Not Graduate,Yes,3333.00,2166.00,130.00,360.00,1.0,Semiurban,Y
LP001265,Female,No,0,Graduate,No,3846.00,0.00,111.00,360.00,1.0,Semiurban,Y
LP001266,Male,Yes,1,Graduate,Yes,2395.00,0.00,146.41,360.00,1.0,Semiurban,Y
LP001267,Female,Yes,2,Graduate,No,1378.00,1881.00,167.00,360.00,1.0,Urban,N
LP001273,Male,Yes,0,Graduate,No,6000.00,2250.00,265.00,360.00,1.0,Semiurban,N
LP001275,Male,Yes,1,Graduate,No,3988.00,0.00,50.00,240.00,1.0,Urban,Y
LP001279,Male,No,0,Graduate,No,2366.00,2531.00,136.00,360.00,1.0,Semiurban,Y
LP001280,Male,Yes,2,Not Graduate,No,3333.00,2000.00,99.00,360.00,1.0,Semiurban,Y
LP001282,Male,Yes,0,Graduate,No,2500.00,2118.00,104.00,360.00,1.0,Semiurban,Y
LP001289,Male,No,0,Graduate,No,8566.00,0.00,210.00,360.00,1.0,Urban,Y
LP001310,Male,Yes,0,Graduate,No,5695.00,4167.00,175.00,360.00,1.0,Semiurban,Y
LP001316,Male,Yes,0,Graduate,No,2958.00,2900.00,131.00,360.00,1.0,Semiurban,Y
LP001318,Male,Yes,2,Graduate,No,6250.00,5654.00,188.00,180.00,1.0,Semiurban,Y
LP001319,Male,Yes,2,Not Graduate,No,3273.00,1820.00,81.00,360.00,1.0,Urban,Y
LP001322,Male,No,0,Graduate,No,4133.00,0.00,122.00,360.00,1.0,Semiurban,Y
LP001325,Male,No,0,Not Graduate,No,3620.00,0.00,25.00,120.00,1.0,Semiurban,Y
LP001326,Male,No,0,Graduate,No,6782.00,0.00,146.41,360.00,1.0,Urban,N
LP001327,Female,Yes,0,Graduate,No,2484.00,2302.00,137.00,360.00,1.0,Semiurban,Y
LP001333,Male,Yes,0,Graduate,No,1977.00,997.00,50.00,360.00,1.0,Semiurban,Y
LP001334,Male,Yes,0,Not Graduate,No,4188.00,0.00,115.00,180.00,1.0,Semiurban,Y
LP001343,Male,Yes,0,Graduate,No,1759.00,3541.00,131.00,360.00,1.0,Semiurban,Y
LP001345,Male,Yes,2,Not Graduate,No,4288.00,3263.00,133.00,180.00,1.0,Urban,Y
LP001349,Male,No,0,Graduate,No,4843.00,3806.00,151.00,360.00,1.0,Semiurban,Y
LP001350,Male,Yes,0,Graduate,No,13650.00,0.00,146.41,360.00,1.0,Urban,Y
LP001356,Male,Yes,0,Graduate,No,4652.00,3583.00,146.41,360.00,1.0,Semiurban,Y
LP001357,Male,Yes,0,Graduate,No,3816.00,754.00,160.00,360.00,1.0,Urban,Y
LP001367,Male,Yes,1,Graduate,No,3052.00,1030.00,100.00,360.00,1.0,Urban,Y
LP001369,Male,Yes,2,Graduate,No,11417.00,1126.00,225.00,360.00,1.0,Urban,Y
LP001370,Male,No,0,Not Graduate,No,7333.00,0.00,120.00,360.00,1.0,Rural,N
LP001379,Male,Yes,2,Graduate,No,3800.00,3600.00,216.00,360.00,0.0,Urban,N
LP001384,Male,Yes,3+,Not Graduate,No,2071.00,754.00,94.00,480.00,1.0,Semiurban,Y
LP001385,Male,No,0,Graduate,No,5316.00,0.00,136.00,360.00,1.0,Urban,Y
LP001387,Female,Yes,0,Graduate,No,2929.00,2333.00,139.00,360.00,1.0,Semiurban,Y
LP001391,Male,Yes,0,Not Graduate,No,3572.00,4114.00,152.00,342.00,0.0,Rural,N
LP001392,Female,No,1,Graduate,Yes,7451.00,0.00,146.41,360.00,1.0,Semiurban,Y
LP001398,Male,No,0,Graduate,No,5050.00,0.00,118.00,360.00,1.0,Semiurban,Y
LP001401,Male,Yes,1,Graduate,No,14583.00,0.00,185.00,180.00,1.0,Rural,Y
LP001404,Female,Yes,0,Graduate,No,3167.00,2283.00,154.00,360.00,1.0,Semiurban,Y
LP001405,Male,Yes,1,Graduate,No,2214.00,1398.00,85.00,360.00,1.0,Urban,Y
LP001421,Male,Yes,0,Graduate,No,5568.00,2142.00,175.00,360.00,1.0,Rural,N
LP001422,Female,No,0,Graduate,No,10408.00,0.00,259.00,360.00,1.0,Urban,Y
LP001426,Male,Yes,0,Graduate,No,5667.00,2667.00,180.00,360.00,1.0,Rural,Y
LP001430,Female,No,0,Graduate,No,4166.00,0.00,44.00,360.00,1.0,Semiurban,Y
LP001431,Female,No,0,Graduate,No,2137.00,8980.00,137.00,360.00,0.0,Semiurban,Y
LP001432,Male,Yes,2,Graduate,No,2957.00,0.00,81.00,360.00,1.0,Semiurban,Y
LP001439,Male,Yes,0,Not Graduate,No,4300.00,2014.00,194.00,360.00,1.0,Rural,Y
LP001443,Female,No,0,Graduate,No,3692.00,0.00,93.00,360.00,1.0,Rural,Y
LP001448,Male,Yes,3+,Graduate,No,23803.00,0.00,370.00,360.00,1.0,Rural,Y
LP001449,Male,No,0,Graduate,No,3865.00,1640.00,146.41,360.00,1.0,Rural,Y
LP001451,Male,Yes,1,Graduate,Yes,10513.00,3850.00,160.00,180.00,0.0,Urban,N
LP001465,Male,Yes,0,Graduate,No,6080.00,2569.00,182.00,360.00,1.0,Rural,N
LP001469,Male,No,0,Graduate,Yes,20166.00,0.00,650.00,480.00,1.0,Urban,Y
LP001473,Male,No,0,Graduate,No,2014.00,1929.00,74.00,360.00,1.0,Urban,Y
LP001478,Male,No,0,Graduate,No,2718.00,0.00,70.00,360.00,1.0,Semiurban,Y
LP001482,Male,Yes,0,Graduate,Yes,3459.00,0.00,25.00,120.00,1.0,Semiurban,Y
LP001487,Male,No,0,Graduate,No,4895.00,0.00,102.00,360.00,1.0,Semiurban,Y
LP001488,Male,Yes,3+,Graduate,No,4000.00,7750.00,290.00,360.00,1.0,Semiurban,N
LP001489,Female,Yes,0,Graduate,No,4583.00,0.00,84.00,360.00,1.0,Rural,N
LP001491,Male,Yes,2,Graduate,Yes,3316.00,3500.00,88.00,360.00,1.0,Urban,Y
LP001492,Male,No,0,Graduate,No,14999.00,0.00,242.00,360.00,0.0,Semiurban,N
LP001493,Male,Yes,2,Not Graduate,No,4200.00,1430.00,129.00,360.00,1.0,Rural,N
LP001497,Male,Yes,2,Graduate,No,5042.00,2083.00,185.00,360.00,1.0,Rural,N
LP001498,Male,No,0,Graduate,No,5417.00,0.00,168.00,360.00,1.0,Urban,Y
LP001504,Male,No,0,Graduate,Yes,6950.00,0.00,175.00,180.00,1.0,Semiurban,Y
LP001507,Male,Yes,0,Graduate,No,2698.00,2034.00,122.00,360.00,1.0,Semiurban,Y
LP001508,Male,Yes,2,Graduate,No,11757.00,0.00,187.00,180.00,1.0,Urban,Y
LP001514,Female,Yes,0,Graduate,No,2330.00,4486.00,100.00,360.00,1.0,Semiurban,Y
LP001516,Female,Yes,2,Graduate,No,14866.00,0.00,70.00,360.00,1.0,Urban,Y
LP001518,Male,Yes,1,Graduate,No,1538.00,1425.00,30.00,360.00,1.0,Urban,Y
LP001519,Female,No,0,Graduate,No,10000.00,1666.00,225.00,360.00,1.0,Rural,N
LP001520,Male,Yes,0,Graduate,No,4860.00,830.00,125.00,360.00,1.0,Semiurban,Y
LP001528,Male,No,0,Graduate,No,6277.00,0.00,118.00,360.00,0.0,Rural,N
LP001529,Male,Yes,0,Graduate,Yes,2577.00,3750.00,152.00,360.00,1.0,Rural,Y
LP001531,Male,No,0,Graduate,No,9166.00,0.00,244.00,360.00,1.0,Urban,N
LP001532,Male,Yes,2,Not Graduate,No,2281.00,0.00,113.00,360.00,1.0,Rural,N
LP001535,Male,No,0,Graduate,No,3254.00,0.00,50.00,360.00,1.0,Urban,Y
LP001536,Male,Yes,3+,Graduate,No,39999.00,0.00,600.00,180.00,0.0,Semiurban,Y
LP001541,Male,Yes,1,Graduate,No,6000.00,0.00,160.00,360.00,1.0,Rural,Y
LP001543,Male,Yes,1,Graduate,No,9538.00,0.00,187.00,360.00,1.0,Urban,Y
LP001546,Male,No,0,Graduate,No,2980.00,2083.00,120.00,360.00,1.0,Rural,Y
LP001552,Male,Yes,0,Graduate,No,4583.00,5625.00,255.00,360.00,1.0,Semiurban,Y
LP001560,Male,Yes,0,Not Graduate,No,1863.00,1041.00,98.00,360.00,1.0,Semiurban,Y
LP001562,Male,Yes,0,Graduate,No,7933.00,0.00,275.00,360.00,1.0,Urban,N
LP001565,Male,Yes,1,Graduate,No,3089.00,1280.00,121.00,360.00,0.0,Semiurban,N
LP001570,Male,Yes,2,Graduate,No,4167.00,1447.00,158.00,360.00,1.0,Rural,Y
LP001572,Male,Yes,0,Graduate,No,9323.00,0.00,75.00,180.00,1.0,Urban,Y
LP001574,Male,Yes,0,Graduate,No,3707.00,3166.00,182.00,342.00,1.0,Rural,Y
LP001577,Female,Yes,0,Graduate,No,4583.00,0.00,112.00,360.00,1.0,Rural,N
LP001578,Male,Yes,0,Graduate,No,2439.00,3333.00,129.00,360.00,1.0,Rural,Y
LP001579,Male,No,0,Graduate,No,2237.00,0.00,63.00,480.00,0.0,Semiurban,N
LP001580,Male,Yes,2,Graduate,No,8000.00,0.00,200.00,360.00,1.0,Semiurban,Y
LP001581,Male,Yes,0,Not Graduate,No,1820.00,1769.00,95.00,360.00,1.0,Rural,Y
LP001585,Male,Yes,3+,Graduate,No,51763.00,0.00,700.00,300.00,1.0,Urban,Y
LP001586,Male,Yes,3+,Not Graduate,No,3522.00,0.00,81.00,180.00,1.0,Rural,N
LP001594,Male,Yes,0,Graduate,No,5708.00,5625.00,187.00,360.00,1.0,Semiurban,Y
LP001603,Male,Yes,0,Not Graduate,Yes,4344.00,736.00,87.00,360.00,1.0,Semiurban,N
LP001606,Male,Yes,0,Graduate,No,3497.00,1964.00,116.00,360.00,1.0,Rural,Y
LP001608,Male,Yes,2,Graduate,No,2045.00,1619.00,101.00,360.00,1.0,Rural,Y
LP001610,Male,Yes,3+,Graduate,No,5516.00,11300.00,495.00,360.00,0.0,Semiurban,N
LP001616,Male,Yes,1,Graduate,No,3750.00,0.00,116.00,360.00,1.0,Semiurban,Y
LP001630,Male,No,0,Not Graduate,No,2333.00,1451.00,102.00,480.00,0.0,Urban,N
LP001633,Male,Yes,1,Graduate,No,6400.00,7250.00,180.00,360.00,0.0,Urban,N
LP001634,Male,No,0,Graduate,No,1916.00,5063.00,67.00,360.00,1.0,Rural,N
LP001636,Male,Yes,0,Graduate,No,4600.00,0.00,73.00,180.00,1.0,Semiurban,Y
LP001637,Male,Yes,1,Graduate,No,33846.00,0.00,260.00,360.00,1.0,Semiurban,N
LP001639,Female,Yes,0,Graduate,No,3625.00,0.00,108.00,360.00,1.0,Semiurban,Y
LP001640,Male,Yes,0,Graduate,Yes,39147.00,4750.00,120.00,360.00,1.0,Semiurban,Y
LP001641,Male,Yes,1,Graduate,Yes,2178.00,0.00,66.00,300.00,0.0,Rural,N
LP001643,Male,Yes,0,Graduate,No,2383.00,2138.00,58.00,360.00,1.0,Rural,Y
LP001644,Male,Yes,0,Graduate,Yes,674.00,5296.00,168.00,360.00,1.0,Rural,Y
LP001647,Male,Yes,0,Graduate,No,9328.00,0.00,188.00,180.00,1.0,Rural,Y
LP001653,Male,No,0,Not Graduate,No,4885.00,0.00,48.00,360.00,1.0,Rural,Y
LP001656,Male,No,0,Graduate,No,12000.00,0.00,164.00,360.00,1.0,Semiurban,N
LP001657,Male,Yes,0,Not Graduate,No,6033.00,0.00,160.00,360.00,1.0,Urban,N
LP001658,Male,No,0,Graduate,No,3858.00,0.00,76.00,360.00,1.0,Semiurban,Y
LP001664,Male,No,0,Graduate,No,4191.00,0.00,120.00,360.00,1.0,Rural,Y
LP001665,Male,Yes,1,Graduate,No,3125.00,2583.00,170.00,360.00,1.0,Semiurban,N
LP001666,Male,No,0,Graduate,No,8333.00,3750.00,187.00,360.00,1.0,Rural,Y
LP001669,Female,No,0,Not Graduate,No,1907.00,2365.00,120.00,342.00,1.0,Urban,Y
LP001671,Female,Yes,0,Graduate,No,3416.00,2816.00,113.00,360.00,1.0,Semiurban,Y
LP001673,Male,No,0,Graduate,Yes,11000.00,0.00,83.00,360.00,1.0,Urban,N
LP001674,Male,Yes,1,Not Graduate,No,2600.00,2500.00,90.00,360.00,1.0,Semiurban,Y
LP001677,Male,No,2,Graduate,No,4923.00,0.00,166.00,360.00,0.0,Semiurban,Y
LP001682,Male,Yes,3+,Not Graduate,No,3992.00,0.00,146.41,180.00,1.0,Urban,N
LP001688,Male,Yes,1,Not Graduate,No,3500.00,1083.00,135.00,360.00,1.0,Urban,Y
LP001691,Male,Yes,2,Not Graduate,No,3917.00,0.00,124.00,360.00,1.0,Semiurban,Y
LP001692,Female,No,0,Not Graduate,No,4408.00,0.00,120.00,360.00,1.0,Semiurban,Y
LP001693,Female,No,0,Graduate,No,3244.00,0.00,80.00,360.00,1.0,Urban,Y
LP001698,Male,No,0,Not Graduate,No,3975.00,2531.00,55.00,360.00,1.0,Rural,Y
LP001699,Male,No,0,Graduate,No,2479.00,0.00,59.00,360.00,1.0,Urban,Y
LP001702,Male,No,0,Graduate,No,3418.00,0.00,127.00,360.00,1.0,Semiurban,N
LP001708,Female,No,0,Graduate,No,10000.00,0.00,214.00,360.00,1.0,Semiurban,N
LP001711,Male,Yes,3+,Graduate,No,3430.00,1250.00,128.00,360.00,0.0,Semiurban,N
LP001713,Male,Yes,1,Graduate,Yes,7787.00,0.00,240.00,360.00,1.0,Urban,Y
LP001715,Male,Yes,3+,Not Graduate,Yes,5703.00,0.00,130.00,360.00,1.0,Rural,Y
LP001716,Male,Yes,0,Graduate,No,3173.00,3021.00,137.00,360.00,1.0,Urban,Y
LP001720,Male,Yes,3+,Not Graduate,No,3850.00,983.00,100.00,360.00,1.0,Semiurban,Y
LP001722,Male,Yes,0,Graduate,No,150.00,1800.00,135.00,360.00,1.0,Rural,N
LP001726,Male,Yes,0,Graduate,No,3727.00,1775.00,131.00,360.00,1.0,Semiurban,Y
LP001732,Male,Yes,2,Graduate,No,5000.00,0.00,72.00,360.00,0.0,Semiurban,N
LP001734,Female,Yes,2,Graduate,No,4283.00,2383.00,127.00,360.00,1.0,Semiurban,Y
LP001736,Male,Yes,0,Graduate,No,2221.00,0.00,60.00,360.00,0.0,Urban,N
LP001743,Male,Yes,2,Graduate,No,4009.00,1717.00,116.00,360.00,1.0,Semiurban,Y
LP001744,Male,No,0,Graduate,No,2971.00,2791.00,144.00,360.00,1.0,Semiurban,Y
LP001749,Male,Yes,0,Graduate,No,7578.00,1010.00,175.00,342.00,1.0,Semiurban,Y
LP001750,Male,Yes,0,Graduate,No,6250.00,0.00,128.00,360.00,1.0,Semiurban,Y
LP001751,Male,Yes,0,Graduate,No,3250.00,0.00,170.00,360.00,1.0,Rural,N
LP001754,Male,Yes,0,Not Graduate,Yes,4735.00,0.00,138.00,360.00,1.0,Urban,N
LP001758,Male,Yes,2,Graduate,No,6250.00,1695.00,210.00,360.00,1.0,Semiurban,Y
LP001760,Male,Yes,0,Graduate,No,4758.00,0.00,158.00,480.00,1.0,Semiurban,Y
LP001761,Male,No,0,Graduate,Yes,6400.00,0.00,200.00,360.00,1.0,Rural,Y
LP001765,Male,Yes,1,Graduate,No,2491.00,2054.00,104.00,360.00,1.0,Semiurban,Y
LP001768,Male,Yes,0,Graduate,No,3716.00,0.00,42.00,180.00,1.0,Rural,Y
LP001770,Male,No,0,Not Graduate,No,3189.00,2598.00,120.00,342.00,1.0,Rural,Y
LP001776,Female,No,0,Graduate,No,8333.00,0.00,280.00,360.00,1.0,Semiurban,Y
LP001778,Male,Yes,1,Graduate,No,3155.00,1779.00,140.00,360.00,1.0,Semiurban,Y
LP001784,Male,Yes,1,Graduate,No,5500.00,1260.00,170.00,360.00,1.0,Rural,Y
LP001786,Male,Yes,0,Graduate,No,5746.00,0.00,255.00,360.00,1.0,Urban,N
LP001788,Female,No,0,Graduate,Yes,3463.00,0.00,122.00,360.00,1.0,Urban,Y
LP001790,Female,No,1,Graduate,No,3812.00,0.00,112.00,360.00,1.0,Rural,Y
LP001792,Male,Yes,1,Graduate,No,3315.00,0.00,96.00,360.00,1.0,Semiurban,Y
LP001798,Male,Yes,2,Graduate,No,5819.00,5000.00,120.00,360.00,1.0,Rural,Y
LP001800,Male,Yes,1,Not Graduate,No,2510.00,1983.00,140.00,180.00,1.0,Urban,N
LP001806,Male,No,0,Graduate,No,2965.00,5701.00,155.00,60.00,1.0,Urban,Y
LP001807,Male,Yes,2,Graduate,Yes,6250.00,1300.00,108.00,360.00,1.0,Rural,Y
LP001811,Male,Yes,0,Not Graduate,No,3406.00,4417.00,123.00,360.00,1.0,Semiurban,Y
LP001813,Male,No,0,Graduate,Yes,6050.00,4333.00,120.00,180.00,1.0,Urban,N
LP001814,Male,Yes,2,Graduate,No,9703.00,0.00,112.00,360.00,1.0,Urban,Y
LP001819,Male,Yes,1,Not Graduate,No,6608.00,0.00,137.00,180.00,1.0,Urban,Y
LP001824,Male,Yes,1,Graduate,No,2882.00,1843.00,123.00,480.00,1.0,Semiurban,Y
LP001825,Male,Yes,0,Graduate,No,1809.00,1868.00,90.00,360.00,1.0,Urban,Y
LP001835,Male,Yes,0,Not Graduate,No,1668.00,3890.00,201.00,360.00,0.0,Semiurban,N
LP001836,Female,No,2,Graduate,No,3427.00,0.00,138.00,360.00,1.0,Urban,N
LP001841,Male,No,0,Not Graduate,Yes,2583.00,2167.00,104.00,360.00,1.0,Rural,Y
LP001843,Male,Yes,1,Not Graduate,No,2661.00,7101.00,279.00,180.00,1.0,Semiurban,Y
LP001844,Male,No,0,Graduate,Yes,16250.00,0.00,192.00,360.00,0.0,Urban,N
LP001846,Female,No,3+,Graduate,No,3083.00,0.00,255.00,360.00,1.0,Rural,Y
LP001849,Male,No,0,Not Graduate,No,6045.00,0.00,115.00,360.00,0.0,Rural,N
LP001854,Male,Yes,3+,Graduate,No,5250.00,0.00,94.00,360.00,1.0,Urban,N
LP001859,Male,Yes,0,Graduate,No,14683.00,2100.00,304.00,360.00,1.0,Rural,N
LP001864,Male,Yes,3+,Not Graduate,No,4931.00,0.00,128.00,360.00,1.0,Semiurban,N
LP001865,Male,Yes,1,Graduate,No,6083.00,4250.00,330.00,360.00,1.0,Urban,Y
LP001868,Male,No,0,Graduate,No,2060.00,2209.00,134.00,360.00,1.0,Semiurban,Y
LP001870,Female,No,1,Graduate,No,3481.00,0.00,155.00,36.00,1.0,Semiurban,N
LP001871,Female,No,0,Graduate,No,7200.00,0.00,120.00,360.00,1.0,Rural,Y
LP001872,Male,No,0,Graduate,Yes,5166.00,0.00,128.00,360.00,1.0,Semiurban,Y
LP001875,Male,No,0,Graduate,No,4095.00,3447.00,151.00,360.00,1.0,Rural,Y
LP001877,Male,Yes,2,Graduate,No,4708.00,1387.00,150.00,360.00,1.0,Semiurban,Y
LP001882,Male,Yes,3+,Graduate,No,4333.00,1811.00,160.00,360.00,0.0,Urban,Y
LP001883,Female,No,0,Graduate,No,3418.00,0.00,135.00,360.00,1.0,Rural,N
LP001884,Female,No,1,Graduate,No,2876.00,1560.00,90.00,360.00,1.0,Urban,Y
LP001888,Female,No,0,Graduate,No,3237.00,0.00,30.00,360.00,1.0,Urban,Y
LP001891,Male,Yes,0,Graduate,No,11146.00,0.00,136.00,360.00,1.0,Urban,Y
LP001892,Male,No,0,Graduate,No,2833.00,1857.00,126.00,360.00,1.0,Rural,Y
LP001894,Male,Yes,0,Graduate,No,2620.00,2223.00,150.00,360.00,1.0,Semiurban,Y
LP001896,Male,Yes,2,Graduate,No,3900.00,0.00,90.00,360.00,1.0,Semiurban,Y
LP001900,Male,Yes,1,Graduate,No,2750.00,1842.00,115.00,360.00,1.0,Semiurban,Y
LP001903,Male,Yes,0,Graduate,No,3993.00,3274.00,207.00,360.00,1.0,Semiurban,Y
LP001904,Male,Yes,0,Graduate,No,3103.00,1300.00,80.00,360.00,1.0,Urban,Y
LP001907,Male,Yes,0,Graduate,No,14583.00,0.00,436.00,360.00,1.0,Semiurban,Y
LP001908,Female,Yes,0,Not Graduate,No,4100.00,0.00,124.00,360.00,1.0,Rural,Y
LP001910,Male,No,1,Not Graduate,Yes,4053.00,2426.00,158.00,360.00,0.0,Urban,N
LP001914,Male,Yes,0,Graduate,No,3927.00,800.00,112.00,360.00,1.0,Semiurban,Y
LP001915,Male,Yes,2,Graduate,No,2301.00,985.80,78.00,180.00,1.0,Urban,Y
LP001917,Female,No,0,Graduate,No,1811.00,1666.00,54.00,360.00,1.0,Urban,Y
LP001922,Male,Yes,0,Graduate,No,20667.00,0.00,146.41,360.00,1.0,Rural,N
LP001924,Male,No,0,Graduate,No,3158.00,3053.00,89.00,360.00,1.0,Rural,Y
LP001925,Female,No,0,Graduate,Yes,2600.00,1717.00,99.00,300.00,1.0,Semiurban,N
LP001926,Male,Yes,0,Graduate,No,3704.00,2000.00,120.00,360.00,1.0,Rural,Y
LP001931,Female,No,0,Graduate,No,4124.00,0.00,115.00,360.00,1.0,Semiurban,Y
LP001935,Male,No,0,Graduate,No,9508.00,0.00,187.00,360.00,1.0,Rural,Y
LP001936,Male,Yes,0,Graduate,No,3075.00,2416.00,139.00,360.00,1.0,Rural,Y
LP001938,Male,Yes,2,Graduate,No,4400.00,0.00,127.00,360.00,0.0,Semiurban,N
LP001940,Male,Yes,2,Graduate,No,3153.00,1560.00,134.00,360.00,1.0,Urban,Y
LP001945,Female,No,0,Graduate,No,5417.00,0.00,143.00,480.00,0.0,Urban,N
LP001947,Male,Yes,0,Graduate,No,2383.00,3334.00,172.00,360.00,1.0,Semiurban,Y
LP001949,Male,Yes,3+,Graduate,No,4416.00,1250.00,110.00,360.00,1.0,Urban,Y
LP001953,Male,Yes,1,Graduate,No,6875.00,0.00,200.00,360.00,1.0,Semiurban,Y
LP001954,Female,Yes,1,Graduate,No,4666.00,0.00,135.00,360.00,1.0,Urban,Y
LP001955,Female,No,0,Graduate,No,5000.00,2541.00,151.00,480.00,1.0,Rural,N
LP001963,Male,Yes,1,Graduate,No,2014.00,2925.00,113.00,360.00,1.0,Urban,N
LP001964,Male,Yes,0,Not Graduate,No,1800.00,2934.00,93.00,360.00,0.0,Urban,N
LP001972,Male,Yes,0,Not Graduate,No,2875.00,1750.00,105.00,360.00,1.0,Semiurban,Y
LP001974,Female,No,0,Graduate,No,5000.00,0.00,132.00,360.00,1.0,Rural,Y
LP001977,Male,Yes,1,Graduate,No,1625.00,1803.00,96.00,360.00,1.0,Urban,Y
LP001978,Male,No,0,Graduate,No,4000.00,2500.00,140.00,360.00,1.0,Rural,Y
LP001990,Male,No,0,Not Graduate,No,2000.00,0.00,146.41,360.00,1.0,Urban,N
LP001993,Female,No,0,Graduate,No,3762.00,1666.00,135.00,360.00,1.0,Rural,Y
LP001994,Female,No,0,Graduate,No,2400.00,1863.00,104.00,360.00,0.0,Urban,N
LP001996,Male,No,0,Graduate,No,20233.00,0.00,480.00,360.00,1.0,Rural,N
LP001998,Male,Yes,2,Not Graduate,No,7667.00,0.00,185.00,360.00,1.0,Rural,Y
LP002002,Female,No,0,Graduate,No,2917.00,0.00,84.00,360.00,1.0,Semiurban,Y
LP002004,Male,No,0,Not Graduate,No,2927.00,2405.00,111.00,360.00,1.0,Semiurban,Y
LP002006,Female,No,0,Graduate,No,2507.00,0.00,56.00,360.00,1.0,Rural,Y
LP002008,Male,Yes,2,Graduate,Yes,5746.00,0.00,144.00,84.00,1.0,Rural,Y
LP002024,Male,Yes,0,Graduate,No,2473.00,1843.00,159.00,360.00,1.0,Rural,N
LP002031,Male,Yes,1,Not Graduate,No,3399.00,1640.00,111.00,180.00,1.0,Urban,Y
LP002035,Male,Yes,2,Graduate,No,3717.00,0.00,120.00,360.00,1.0,Semiurban,Y
LP002036,Male,Yes,0,Graduate,No,2058.00,2134.00,88.00,360.00,1.0,Urban,Y
LP002043,Female,No,1,Graduate,No,3541.00,0.00,112.00,360.00,1.0,Semiurban,Y
LP002050,Male,Yes,1,Graduate,Yes,10000.00,0.00,155.00,360.00,1.0,Rural,N
LP002051,Male,Yes,0,Graduate,No,2400.00,2167.00,115.00,360.00,1.0,Semiurban,Y
LP002053,Male,Yes,3+,Graduate,No,4342.00,189.00,124.00,360.00,1.0,Semiurban,Y
LP002054,Male,Yes,2,Not Graduate,No,3601.00,1590.00,146.41,360.00,1.0,Rural,Y
LP002055,Female,No,0,Graduate,No,3166.00,2985.00,132.00,360.00,1.0,Rural,Y
LP002065,Male,Yes,3+,Graduate,No,15000.00,0.00,300.00,360.00,1.0,Rural,Y
LP002067,Male,Yes,1,Graduate,Yes,8666.00,4983.00,376.00,360.00,0.0,Rural,N
LP002068,Male,No,0,Graduate,No,4917.00,0.00,130.00,360.00,0.0,Rural,Y
LP002082,Male,Yes,0,Graduate,Yes,5818.00,2160.00,184.00,360.00,1.0,Semiurban,Y
LP002086,Female,Yes,0,Graduate,No,4333.00,2451.00,110.00,360.00,1.0,Urban,N
LP002087,Female,No,0,Graduate,No,2500.00,0.00,67.00,360.00,1.0,Urban,Y
LP002097,Male,No,1,Graduate,No,4384.00,1793.00,117.00,360.00,1.0,Urban,Y
LP002098,Male,No,0,Graduate,No,2935.00,0.00,98.00,360.00,1.0,Semiurban,Y
LP002100,Male,No,0,Graduate,No,2833.00,0.00,71.00,360.00,1.0,Urban,Y
LP002101,Male,Yes,0,Graduate,No,63337.00,0.00,490.00,180.00,1.0,Urban,Y
LP002103,Male,Yes,1,Graduate,Yes,9833.00,1833.00,182.00,180.00,1.0,Urban,Y
LP002106,Male,Yes,0,Graduate,Yes,5503.00,4490.00,70.00,342.00,1.0,Semiurban,Y
LP002110,Male,Yes,1,Graduate,No,5250.00,688.00,160.00,360.00,1.0,Rural,Y
LP002112,Male,Yes,2,Graduate,Yes,2500.00,4600.00,176.00,360.00,1.0,Rural,Y
LP002113,Female,No,3+,Not Graduate,No,1830.00,0.00,146.41,360.00,0.0,Urban,N
LP002114,Female,No,0,Graduate,No,4160.00,0.00,71.00,360.00,1.0,Semiurban,Y
LP002115,Male,Yes,3+,Not Graduate,No,2647.00,1587.00,173.00,360.00,1.0,Rural,N
LP002116,Female,No,0,Graduate,No,2378.00,0.00,46.00,360.00,1.0,Rural,N
LP002119,Male,Yes,1,Not Graduate,No,4554.00,1229.00,158.00,360.00,1.0,Urban,Y
LP002126,Male,Yes,3+,Not Graduate,No,3173.00,0.00,74.00,360.00,1.0,Semiurban,Y
LP002128,Male,Yes,2,Graduate,No,2583.00,2330.00,125.00,360.00,1.0,Rural,Y
LP002129,Male,Yes,0,Graduate,No,2499.00,2458.00,160.00,360.00,1.0,Semiurban,Y
LP002130,Male,Yes,0,Not Graduate,No,3523.00,3230.00,152.00,360.00,0.0,Rural,N
LP002131,Male,Yes,2,Not Graduate,No,3083.00,2168.00,126.00,360.00,1.0,Urban,Y
LP002137,Male,Yes,0,Graduate,No,6333.00,4583.00,259.00,360.00,1.0,Semiurban,Y
LP002138,Male,Yes,0,Graduate,No,2625.00,6250.00,187.00,360.00,1.0,Rural,Y
LP002139,Male,Yes,0,Graduate,No,9083.00,0.00,228.00,360.00,1.0,Semiurban,Y
LP002140,Male,No,0,Graduate,No,8750.00,4167.00,308.00,360.00,1.0,Rural,N
LP002141,Male,Yes,3+,Graduate,No,2666.00,2083.00,95.00,360.00,1.0,Rural,Y
LP002142,Female,Yes,0,Graduate,Yes,5500.00,0.00,105.00,360.00,0.0,Rural,N
LP002143,Female,Yes,0,Graduate,No,2423.00,505.00,130.00,360.00,1.0,Semiurban,Y
LP002144,Female,No,0,Graduate,No,3813.00,0.00,116.00,180.00,1.0,Urban,Y
LP002149,Male,Yes,2,Graduate,No,8333.00,3167.00,165.00,360.00,1.0,Rural,Y
LP002151,Male,Yes,1,Graduate,No,3875.00,0.00,67.00,360.00,1.0,Urban,N
LP002158,Male,Yes,0,Not Graduate,No,3000.00,1666.00,100.00,480.00,0.0,Urban,N
LP002160,Male,Yes,3+,Graduate,No,5167.00,3167.00,200.00,360.00,1.0,Semiurban,Y
LP002161,Female,No,1,Graduate,No,4723.00,0.00,81.00,360.00,1.0,Semiurban,N
LP002170,Male,Yes,2,Graduate,No,5000.00,3667.00,236.00,360.00,1.0,Semiurban,Y
LP002175,Male,Yes,0,Graduate,No,4750.00,2333.00,130.00,360.00,1.0,Urban,Y
LP002178,Male,Yes,0,Graduate,No,3013.00,3033.00,95.00,300.00,1.0,Urban,Y
LP002180,Male,No,0,Graduate,Yes,6822.00,0.00,141.00,360.00,1.0,Rural,Y
LP002181,Male,No,0,Not Graduate,No,6216.00,0.00,133.00,360.00,1.0,Rural,N
LP002187,Male,No,0,Graduate,No,2500.00,0.00,96.00,480.00,1.0,Semiurban,N
LP002188,Male,No,0,Graduate,No,5124.00,0.00,124.00,342.00,0.0,Rural,N
LP002190,Male,Yes,1,Graduate,No,6325.00,0.00,175.00,360.00,1.0,Semiurban,Y
LP002191,Male,Yes,0,Graduate,No,19730.00,5266.00,570.00,360.00,1.0,Rural,N
LP002194,Female,No,0,Graduate,Yes,15759.00,0.00,55.00,360.00,1.0,Semiurban,Y
LP002197,Male,Yes,2,Graduate,No,5185.00,0.00,155.00,360.00,1.0,Semiurban,Y
LP002201,Male,Yes,2,Graduate,Yes,9323.00,7873.00,380.00,300.00,1.0,Rural,Y
LP002205,Male,No,1,Graduate,No,3062.00,1987.00,111.00,180.00,0.0,Urban,N
LP002209,Female,No,0,Graduate,No,2764.00,1459.00,110.00,360.00,1.0,Urban,Y
LP002211,Male,Yes,0,Graduate,No,4817.00,923.00,120.00,180.00,1.0,Urban,Y
LP002219,Male,Yes,3+,Graduate,No,8750.00,4996.00,130.00,360.00,1.0,Rural,Y
LP002223,Male,Yes,0,Graduate,No,4310.00,0.00,130.00,360.00,1.0,Semiurban,Y
LP002224,Male,No,0,Graduate,No,3069.00,0.00,71.00,480.00,1.0,Urban,N
LP002225,Male,Yes,2,Graduate,No,5391.00,0.00,130.00,360.00,1.0,Urban,Y
LP002226,Male,Yes,0,Graduate,No,3333.00,2500.00,128.00,360.00,1.0,Semiurban,Y
LP002229,Male,No,0,Graduate,No,5941.00,4232.00,296.00,360.00,1.0,Semiurban,Y
LP002231,Female,No,0,Graduate,No,6000.00,0.00,156.00,360.00,1.0,Urban,Y
LP002234,Male,No,0,Graduate,Yes,7167.00,0.00,128.00,360.00,1.0,Urban,Y
LP002236,Male,Yes,2,Graduate,No,4566.00,0.00,100.00,360.00,1.0,Urban,N
LP002237,Male,No,1,Graduate,No,3667.00,0.00,113.00,180.00,1.0,Urban,Y
LP002239,Male,No,0,Not Graduate,No,2346.00,1600.00,132.00,360.00,1.0,Semiurban,Y
LP002243,Male,Yes,0,Not Graduate,No,3010.00,3136.00,146.41,360.00,0.0,Urban,N
LP002244,Male,Yes,0,Graduate,No,2333.00,2417.00,136.00,360.00,1.0,Urban,Y
LP002250,Male,Yes,0,Graduate,No,5488.00,0.00,125.00,360.00,1.0,Rural,Y
LP002255,Male,No,3+,Graduate,No,9167.00,0.00,185.00,360.00,1.0,Rural,Y
LP002262,Male,Yes,3+,Graduate,No,9504.00,0.00,275.00,360.00,1.0,Rural,Y
LP002263,Male,Yes,0,Graduate,No,2583.00,2115.00,120.00,360.00,1.0,Urban,Y
LP002265,Male,Yes,2,Not Graduate,No,1993.00,1625.00,113.00,180.00,1.0,Semiurban,Y
LP002266,Male,Yes,2,Graduate,No,3100.00,1400.00,113.00,360.00,1.0,Urban,Y
LP002272,Male,Yes,2,Graduate,No,3276.00,484.00,135.00,360.00,1.0,Semiurban,Y
LP002277,Female,No,0,Graduate,No,3180.00,0.00,71.00,360.00,0.0,Urban,N
LP002281,Male,Yes,0,Graduate,No,3033.00,1459.00,95.00,360.00,1.0,Urban,Y
LP002284,Male,No,0,Not Graduate,No,3902.00,1666.00,109.00,360.00,1.0,Rural,Y
LP002287,Female,No,0,Graduate,No,1500.00,1800.00,103.00,360.00,0.0,Semiurban,N
LP002288,Male,Yes,2,Not Graduate,No,2889.00,0.00,45.00,180.00,0.0,Urban,N
LP002296,Male,No,0,Not Graduate,No,2755.00,0.00,65.00,300.00,1.0,Rural,N
LP002297,Male,No,0,Graduate,No,2500.00,20000.00,103.00,360.00,1.0,Semiurban,Y
LP002300,Female,No,0,Not Graduate,No,1963.00,0.00,53.00,360.00,1.0,Semiurban,Y
LP002301,Female,No,0,Graduate,Yes,7441.00,0.00,194.00,360.00,1.0,Rural,N
LP002305,Female,No,0,Graduate,No,4547.00,0.00,115.00,360.00,1.0,Semiurban,Y
LP002308,Male,Yes,0,Not Graduate,No,2167.00,2400.00,115.00,360.00,1.0,Urban,Y
LP002314,Female,No,0,Not Graduate,No,2213.00,0.00,66.00,360.00,1.0,Rural,Y
LP002315,Male,Yes,1,Graduate,No,8300.00,0.00,152.00,300.00,0.0,Semiurban,N
LP002317,Male,Yes,3+,Graduate,No,81000.00,0.00,360.00,360.00,0.0,Rural,N
LP002318,Female,No,1,Not Graduate,Yes,3867.00,0.00,62.00,360.00,1.0,Semiurban,N
LP002319,Male,Yes,0,Graduate,No,6256.00,0.00,160.00,360.00,1.0,Urban,Y
LP002328,Male,Yes,0,Not Graduate,No,6096.00,0.00,218.00,360.00,0.0,Rural,N
LP002332,Male,Yes,0,Not Graduate,No,2253.00,2033.00,110.00,360.00,1.0,Rural,Y
LP002335,Female,Yes,0,Not Graduate,No,2149.00,3237.00,178.00,360.00,0.0,Semiurban,N
LP002337,Female,No,0,Graduate,No,2995.00,0.00,60.00,360.00,1.0,Urban,Y
LP002341,Female,No,1,Graduate,No,2600.00,0.00,160.00,360.00,1.0,Urban,N
LP002342,Male,Yes,2,Graduate,Yes,1600.00,20000.00,239.00,360.00,1.0,Urban,N
LP002345,Male,Yes,0,Graduate,No,1025.00,2773.00,112.00,360.00,1.0,Rural,Y
LP002347,Male,Yes,0,Graduate,No,3246.00,1417.00,138.00,360.00,1.0,Semiurban,Y
LP002348,Male,Yes,0,Graduate,No,5829.00,0.00,138.00,360.00,1.0,Rural,Y
LP002357,Female,No,0,Not Graduate,No,2720.00,0.00,80.00,342.00,0.0,Urban,N
LP002361,Male,Yes,0,Graduate,No,1820.00,1719.00,100.00,360.00,1.0,Urban,Y
LP002362,Male,Yes,1,Graduate,No,7250.00,1667.00,110.00,342.00,0.0,Urban,N
LP002364,Male,Yes,0,Graduate,No,14880.00,0.00,96.00,360.00,1.0,Semiurban,Y
LP002366,Male,Yes,0,Graduate,No,2666.00,4300.00,121.00,360.00,1.0,Rural,Y
LP002367,Female,No,1,Not Graduate,No,4606.00,0.00,81.00,360.00,1.0,Rural,N
LP002368,Male,Yes,2,Graduate,No,5935.00,0.00,133.00,360.00,1.0,Semiurban,Y
LP002369,Male,Yes,0,Graduate,No,2920.00,16.12,87.00,360.00,1.0,Rural,Y
LP002370,Male,No,0,Not Graduate,No,2717.00,0.00,60.00,180.00,1.0,Urban,Y
LP002377,Female,No,1,Graduate,Yes,8624.00,0.00,150.00,360.00,1.0,Semiurban,Y
LP002379,Male,No,0,Graduate,No,6500.00,0.00,105.00,360.00,0.0,Rural,N
LP002386,Male,No,0,Graduate,No,12876.00,0.00,405.00,360.00,1.0,Semiurban,Y
LP002387,Male,Yes,0,Graduate,No,2425.00,2340.00,143.00,360.00,1.0,Semiurban,Y
LP002390,Male,No,0,Graduate,No,3750.00,0.00,100.00,360.00,1.0,Urban,Y
LP002393,Female,Yes,0,Graduate,No,10047.00,0.00,146.41,240.00,1.0,Semiurban,Y
LP002398,Male,No,0,Graduate,No,1926.00,1851.00,50.00,360.00,1.0,Semiurban,Y
LP002401,Male,Yes,0,Graduate,No,2213.00,1125.00,146.41,360.00,1.0,Urban,Y
LP002403,Male,No,0,Graduate,Yes,10416.00,0.00,187.00,360.00,0.0,Urban,N
LP002407,Female,Yes,0,Not Graduate,Yes,7142.00,0.00,138.00,360.00,1.0,Rural,Y
LP002408,Male,No,0,Graduate,No,3660.00,5064.00,187.00,360.00,1.0,Semiurban,Y
LP002409,Male,Yes,0,Graduate,No,7901.00,1833.00,180.00,360.00,1.0,Rural,Y
LP002418,Male,No,3+,Not Graduate,No,4707.00,1993.00,148.00,360.00,1.0,Semiurban,Y
LP002422,Male,No,1,Graduate,No,37719.00,0.00,152.00,360.00,1.0,Semiurban,Y
LP002424,Male,Yes,0,Graduate,No,7333.00,8333.00,175.00,300.00,1.0,Rural,Y
LP002429,Male,Yes,1,Graduate,Yes,3466.00,1210.00,130.00,360.00,1.0,Rural,Y
LP002434,Male,Yes,2,Not Graduate,No,4652.00,0.00,110.00,360.00,1.0,Rural,Y
LP002435,Male,Yes,0,Graduate,No,3539.00,1376.00,55.00,360.00,1.0,Rural,N
LP002443,Male,Yes,2,Graduate,No,3340.00,1710.00,150.00,360.00,0.0,Rural,N
LP002444,Male,No,1,Not Graduate,Yes,2769.00,1542.00,190.00,360.00,1.0,Semiurban,N
LP002446,Male,Yes,2,Not Graduate,No,2309.00,1255.00,125.00,360.00,0.0,Rural,N
LP002447,Male,Yes,2,Not Graduate,No,1958.00,1456.00,60.00,300.00,1.0,Urban,Y
LP002448,Male,Yes,0,Graduate,No,3948.00,1733.00,149.00,360.00,0.0,Rural,N
LP002449,Male,Yes,0,Graduate,No,2483.00,2466.00,90.00,180.00,0.0,Rural,Y
LP002453,Male,No,0,Graduate,Yes,7085.00,0.00,84.00,360.00,1.0,Semiurban,Y
LP002455,Male,Yes,2,Graduate,No,3859.00,0.00,96.00,360.00,1.0,Semiurban,Y
LP002459,Male,Yes,0,Graduate,No,4301.00,0.00,118.00,360.00,1.0,Urban,Y
LP002467,Male,Yes,0,Graduate,No,3708.00,2569.00,173.00,360.00,1.0,Urban,N
LP002472,Male,No,2,Graduate,No,4354.00,0.00,136.00,360.00,1.0,Rural,Y
LP002473,Male,Yes,0,Graduate,No,8334.00,0.00,160.00,360.00,1.0,Semiurban,N
LP002478,Male,Yes,0,Graduate,Yes,2083.00,4083.00,160.00,360.00,1.0,Semiurban,Y
LP002484,Male,Yes,3+,Graduate,No,7740.00,0.00,128.00,180.00,1.0,Urban,Y
LP002487,Male,Yes,0,Graduate,No,3015.00,2188.00,153.00,360.00,1.0,Rural,Y
LP002489,Female,No,1,Not Graduate,No,5191.00,0.00,132.00,360.00,1.0,Semiurban,Y
LP002493,Male,No,0,Graduate,No,4166.00,0.00,98.00,360.00,0.0,Semiurban,N
LP002494,Male,No,0,Graduate,No,6000.00,0.00,140.00,360.00,1.0,Rural,Y
LP002500,Male,Yes,3+,Not Graduate,No,2947.00,1664.00,70.00,180.00,0.0,Urban,N
LP002501,Male,Yes,0,Graduate,No,16692.00,0.00,110.00,360.00,1.0,Semiurban,Y
LP002502,Female,Yes,2,Not Graduate,No,210.00,2917.00,98.00,360.00,1.0,Semiurban,Y
LP002505,Male,Yes,0,Graduate,No,4333.00,2451.00,110.00,360.00,1.0,Urban,N
LP002515,Male,Yes,1,Graduate,Yes,3450.00,2079.00,162.00,360.00,1.0,Semiurban,Y
LP002517,Male,Yes,1,Not Graduate,No,2653.00,1500.00,113.00,180.00,0.0,Rural,N
LP002519,Male,Yes,3+,Graduate,No,4691.00,0.00,100.00,360.00,1.0,Semiurban,Y
LP002522,Female,No,0,Graduate,Yes,2500.00,0.00,93.00,360.00,1.0,Urban,Y
LP002524,Male,No,2,Graduate,No,5532.00,4648.00,162.00,360.00,1.0,Rural,Y
LP002527,Male,Yes,2,Graduate,Yes,16525.00,1014.00,150.00,360.00,1.0,Rural,Y
LP002529,Male,Yes,2,Graduate,No,6700.00,1750.00,230.00,300.00,1.0,Semiurban,Y
LP002530,Male,Yes,2,Graduate,No,2873.00,1872.00,132.00,360.00,0.0,Semiurban,N
LP002531,Male,Yes,1,Graduate,Yes,16667.00,2250.00,86.00,360.00,1.0,Semiurban,Y
LP002533,Male,Yes,2,Graduate,No,2947.00,1603.00,146.41,360.00,1.0,Urban,N
LP002534,Female,No,0,Not Graduate,No,4350.00,0.00,154.00,360.00,1.0,Rural,Y
LP002536,Male,Yes,3+,Not Graduate,No,3095.00,0.00,113.00,360.00,1.0,Rural,Y
LP002537,Male,Yes,0,Graduate,No,2083.00,3150.00,128.00,360.00,1.0,Semiurban,Y
LP002541,Male,Yes,0,Graduate,No,10833.00,0.00,234.00,360.00,1.0,Semiurban,Y
LP002543,Male,Yes,2,Graduate,No,8333.00,0.00,246.00,360.00,1.0,Semiurban,Y
LP002544,Male,Yes,1,Not Graduate,No,1958.00,2436.00,131.00,360.00,1.0,Rural,Y
LP002545,Male,No,2,Graduate,No,3547.00,0.00,80.00,360.00,0.0,Rural,N
LP002547,Male,Yes,1,Graduate,No,18333.00,0.00,500.00,360.00,1.0,Urban,N
LP002555,Male,Yes,2,Graduate,Yes,4583.00,2083.00,160.00,360.00,1.0,Semiurban,Y
LP002556,Male,No,0,Graduate,No,2435.00,0.00,75.00,360.00,1.0,Urban,N
LP002560,Male,No,0,Not Graduate,No,2699.00,2785.00,96.00,360.00,1.0,Semiurban,Y
LP002562,Male,Yes,1,Not Graduate,No,5333.00,1131.00,186.00,360.00,1.0,Urban,Y
LP002571,Male,No,0,Not Graduate,No,3691.00,0.00,110.00,360.00,1.0,Rural,Y
LP002582,Female,No,0,Not Graduate,Yes,17263.00,0.00,225.00,360.00,1.0,Semiurban,Y
LP002585,Male,Yes,0,Graduate,No,3597.00,2157.00,119.00,360.00,0.0,Rural,N
LP002586,Female,Yes,1,Graduate,No,3326.00,913.00,105.00,84.00,1.0,Semiurban,Y
LP002587,Male,Yes,0,Not Graduate,No,2600.00,1700.00,107.00,360.00,1.0,Rural,Y
LP002588,Male,Yes,0,Graduate,No,4625.00,2857.00,111.00,12.00,1.0,Urban,Y
LP002600,Male,Yes,1,Graduate,Yes,2895.00,0.00,95.00,360.00,1.0,Semiurban,Y
LP002602,Male,No,0,Graduate,No,6283.00,4416.00,209.00,360.00,0.0,Rural,N
LP002603,Female,No,0,Graduate,No,645.00,3683.00,113.00,480.00,1.0,Rural,Y
LP002606,Female,No,0,Graduate,No,3159.00,0.00,100.00,360.00,1.0,Semiurban,Y
LP002615,Male,Yes,2,Graduate,No,4865.00,5624.00,208.00,360.00,1.0,Semiurban,Y
LP002618,Male,Yes,1,Not Graduate,No,4050.00,5302.00,138.00,360.00,1.0,Rural,N
LP002619,Male,Yes,0,Not Graduate,No,3814.00,1483.00,124.00,300.00,1.0,Semiurban,Y
LP002622,Male,Yes,2,Graduate,No,3510.00,4416.00,243.00,360.00,1.0,Rural,Y
LP002624,Male,Yes,0,Graduate,No,20833.00,6667.00,480.00,360.00,1.0,Urban,Y
LP002625,Male,No,0,Graduate,No,3583.00,0.00,96.00,360.00,1.0,Urban,N
LP002626,Male,Yes,0,Graduate,Yes,2479.00,3013.00,188.00,360.00,1.0,Urban,Y
LP002634,Female,No,1,Graduate,No,13262.00,0.00,40.00,360.00,1.0,Urban,Y
LP002637,Male,No,0,Not Graduate,No,3598.00,1287.00,100.00,360.00,1.0,Rural,N
LP002640,Male,Yes,1,Graduate,No,6065.00,2004.00,250.00,360.00,1.0,Semiurban,Y
LP002643,Male,Yes,2,Graduate,No,3283.00,2035.00,148.00,360.00,1.0,Urban,Y
LP002648,Male,Yes,0,Graduate,No,2130.00,6666.00,70.00,180.00,1.0,Semiurban,N
LP002652,Male,No,0,Graduate,No,5815.00,3666.00,311.00,360.00,1.0,Rural,N
LP002659,Male,Yes,3+,Graduate,No,3466.00,3428.00,150.00,360.00,1.0,Rural,Y
LP002670,Female,Yes,2,Graduate,No,2031.00,1632.00,113.00,480.00,1.0,Semiurban,Y
LP002682,Male,Yes,0,Not Graduate,No,3074.00,1800.00,123.00,360.00,0.0,Semiurban,N
LP002683,Male,No,0,Graduate,No,4683.00,1915.00,185.00,360.00,1.0,Semiurban,N
LP002684,Female,No,0,Not Graduate,No,3400.00,0.00,95.00,360.00,1.0,Rural,N
LP002689,Male,Yes,2,Not Graduate,No,2192.00,1742.00,45.00,360.00,1.0,Semiurban,Y
LP002690,Male,No,0,Graduate,No,2500.00,0.00,55.00,360.00,1.0,Semiurban,Y
LP002692,Male,Yes,3+,Graduate,Yes,5677.00,1424.00,100.00,360.00,1.0,Rural,Y
LP002693,Male,Yes,2,Graduate,Yes,7948.00,7166.00,480.00,360.00,1.0,Rural,Y
LP002697,Male,No,0,Graduate,No,4680.00,2087.00,146.41,360.00,1.0,Semiurban,N
LP002699,Male,Yes,2,Graduate,Yes,17500.00,0.00,400.00,360.00,1.0,Rural,Y
LP002705,Male,Yes,0,Graduate,No,3775.00,0.00,110.00,360.00,1.0,Semiurban,Y
LP002706,Male,Yes,1,Not Graduate,No,5285.00,1430.00,161.00,360.00,0.0,Semiurban,Y
LP002714,Male,No,1,Not Graduate,No,2679.00,1302.00,94.00,360.00,1.0,Semiurban,Y
LP002716,Male,No,0,Not Graduate,No,6783.00,0.00,130.00,360.00,1.0,Semiurban,Y
LP002717,Male,Yes,0,Graduate,No,1025.00,5500.00,216.00,360.00,1.0,Rural,Y
LP002720,Male,Yes,3+,Graduate,No,4281.00,0.00,100.00,360.00,1.0,Urban,Y
LP002723,Male,No,2,Graduate,No,3588.00,0.00,110.00,360.00,0.0,Rural,N
LP002729,Male,No,1,Graduate,No,11250.00,0.00,196.00,360.00,1.0,Semiurban,N
LP002731,Female,No,0,Not Graduate,Yes,18165.00,0.00,125.00,360.00,1.0,Urban,Y
LP002732,Male,No,0,Not Graduate,No,2550.00,2042.00,126.00,360.00,1.0,Rural,Y
LP002734,Male,Yes,0,Graduate,No,6133.00,3906.00,324.00,360.00,1.0,Urban,Y
LP002738,Male,No,2,Graduate,No,3617.00,0.00,107.00,360.00,1.0,Semiurban,Y
LP002739,Male,Yes,0,Not Graduate,No,2917.00,536.00,66.00,360.00,1.0,Rural,N
LP002740,Male,Yes,3+,Graduate,No,6417.00,0.00,157.00,180.00,1.0,Rural,Y
LP002741,Female,Yes,1,Graduate,No,4608.00,2845.00,140.00,180.00,1.0,Semiurban,Y
LP002743,Female,No,0,Graduate,No,2138.00,0.00,99.00,360.00,0.0,Semiurban,N
LP002753,Female,No,1,Graduate,No,3652.00,0.00,95.00,360.00,1.0,Semiurban,Y
LP002755,Male,Yes,1,Not Graduate,No,2239.00,2524.00,128.00,360.00,1.0,Urban,Y
LP002757,Female,Yes,0,Not Graduate,No,3017.00,663.00,102.00,360.00,1.0,Semiurban,Y
LP002767,Male,Yes,0,Graduate,No,2768.00,1950.00,155.00,360.00,1.0,Rural,Y
LP002768,Male,No,0,Not Graduate,No,3358.00,0.00,80.00,36.00,1.0,Semiurban,N
LP002772,Male,No,0,Graduate,No,2526.00,1783.00,145.00,360.00,1.0,Rural,Y
LP002776,Female,No,0,Graduate,No,5000.00,0.00,103.00,360.00,0.0,Semiurban,N
LP002777,Male,Yes,0,Graduate,No,2785.00,2016.00,110.00,360.00,1.0,Rural,Y
LP002778,Male,Yes,2,Graduate,Yes,6633.00,0.00,146.41,360.00,0.0,Rural,N
LP002784,Male,Yes,1,Not Graduate,No,2492.00,2375.00,146.41,360.00,1.0,Rural,Y
LP002785,Male,Yes,1,Graduate,No,3333.00,3250.00,158.00,360.00,1.0,Urban,Y
LP002788,Male,Yes,0,Not Graduate,No,2454.00,2333.00,181.00,360.00,0.0,Urban,N
LP002789,Male,Yes,0,Graduate,No,3593.00,4266.00,132.00,180.00,0.0,Rural,N
LP002792,Male,Yes,1,Graduate,No,5468.00,1032.00,26.00,360.00,1.0,Semiurban,Y
LP002794,Female,No,0,Graduate,No,2667.00,1625.00,84.00,360.00,1.0,Urban,Y
LP002795,Male,Yes,3+,Graduate,Yes,10139.00,0.00,260.00,360.00,1.0,Semiurban,Y
LP002798,Male,Yes,0,Graduate,No,3887.00,2669.00,162.00,360.00,1.0,Semiurban,Y
LP002804,Female,Yes,0,Graduate,No,4180.00,2306.00,182.00,360.00,1.0,Semiurban,Y
LP002807,Male,Yes,2,Not Graduate,No,3675.00,242.00,108.00,360.00,1.0,Semiurban,Y
LP002813,Female,Yes,1,Graduate,Yes,19484.00,0.00,600.00,360.00,1.0,Semiurban,Y
LP002820,Male,Yes,0,Graduate,No,5923.00,2054.00,211.00,360.00,1.0,Rural,Y
LP002821,Male,No,0,Not Graduate,Yes,5800.00,0.00,132.00,360.00,1.0,Semiurban,Y
LP002832,Male,Yes,2,Graduate,No,8799.00,0.00,258.00,360.00,0.0,Urban,N
LP002833,Male,Yes,0,Not Graduate,No,4467.00,0.00,120.00,360.00,1.0,Rural,Y
LP002836,Male,No,0,Graduate,No,3333.00,0.00,70.00,360.00,1.0,Urban,Y
LP002837,Male,Yes,3+,Graduate,No,3400.00,2500.00,123.00,360.00,0.0,Rural,N
LP002840,Female,No,0,Graduate,No,2378.00,0.00,9.00,360.00,1.0,Urban,N
LP002841,Male,Yes,0,Graduate,No,3166.00,2064.00,104.00,360.00,0.0,Urban,N
LP002842,Male,Yes,1,Graduate,No,3417.00,1750.00,186.00,360.00,1.0,Urban,Y
LP002847,Male,Yes,0,Graduate,No,5116.00,1451.00,165.00,360.00,0.0,Urban,N
LP002855,Male,Yes,2,Graduate,No,16666.00,0.00,275.00,360.00,1.0,Urban,Y
LP002862,Male,Yes,2,Not Graduate,No,6125.00,1625.00,187.00,480.00,1.0,Semiurban,N
LP002863,Male,Yes,3+,Graduate,No,6406.00,0.00,150.00,360.00,1.0,Semiurban,N
LP002868,Male,Yes,2,Graduate,No,3159.00,461.00,108.00,84.00,1.0,Urban,Y
LP002872,Male,Yes,0,Graduate,No,3087.00,2210.00,136.00,360.00,0.0,Semiurban,N
LP002874,Male,No,0,Graduate,No,3229.00,2739.00,110.00,360.00,1.0,Urban,Y
LP002877,Male,Yes,1,Graduate,No,1782.00,2232.00,107.00,360.00,1.0,Rural,Y
LP002888,Male,No,0,Graduate,No,3182.00,2917.00,161.00,360.00,1.0,Urban,Y
LP002892,Male,Yes,2,Graduate,No,6540.00,0.00,205.00,360.00,1.0,Semiurban,Y
LP002893,Male,No,0,Graduate,No,1836.00,33837.00,90.00,360.00,1.0,Urban,N
LP002894,Female,Yes,0,Graduate,No,3166.00,0.00,36.00,360.00,1.0,Semiurban,Y
LP002898,Male,Yes,1,Graduate,No,1880.00,0.00,61.00,360.00,1.0,Rural,N
LP002911,Male,Yes,1,Graduate,No,2787.00,1917.00,146.00,360.00,0.0,Rural,N
LP002912,Male,Yes,1,Graduate,No,4283.00,3000.00,172.00,84.00,1.0,Rural,N
LP002916,Male,Yes,0,Graduate,No,2297.00,1522.00,104.00,360.00,1.0,Urban,Y
LP002917,Female,No,0,Not Graduate,No,2165.00,0.00,70.00,360.00,1.0,Semiurban,Y
LP002925,Male,No,0,Graduate,No,4750.00,0.00,94.00,360.00,1.0,Semiurban,Y
LP002926,Male,Yes,2,Graduate,Yes,2726.00,0.00,106.00,360.00,0.0,Semiurban,N
LP002928,Male,Yes,0,Graduate,No,3000.00,3416.00,56.00,180.00,1.0,Semiurban,Y
LP002931,Male,Yes,2,Graduate,Yes,6000.00,0.00,205.00,240.00,1.0,Semiurban,N
LP002933,Male,No,3+,Graduate,Yes,9357.00,0.00,292.00,360.00,1.0,Semiurban,Y
LP002936,Male,Yes,0,Graduate,No,3859.00,3300.00,142.00,180.00,1.0,Rural,Y
LP002938,Male,Yes,0,Graduate,Yes,16120.00,0.00,260.00,360.00,1.0,Urban,Y
LP002940,Male,No,0,Not Graduate,No,3833.00,0.00,110.00,360.00,1.0,Rural,Y
LP002941,Male,Yes,2,Not Graduate,Yes,6383.00,1000.00,187.00,360.00,1.0,Rural,N
LP002943,Male,No,0,Graduate,No,2987.00,0.00,88.00,360.00,0.0,Semiurban,N
LP002945,Male,Yes,0,Graduate,Yes,9963.00,0.00,180.00,360.00,1.0,Rural,Y
LP002948,Male,Yes,2,Graduate,No,5780.00,0.00,192.00,360.00,1.0,Urban,Y
LP002949,Female,No,3+,Graduate,No,416.00,41667.00,350.00,180.00,1.0,Urban,N
LP002950,Male,Yes,0,Not Graduate,No,2894.00,2792.00,155.00,360.00,1.0,Rural,Y
LP002953,Male,Yes,3+,Graduate,No,5703.00,0.00,128.00,360.00,1.0,Urban,Y
LP002958,Male,No,0,Graduate,No,3676.00,4301.00,172.00,360.00,1.0,Rural,Y
LP002959,Female,Yes,1,Graduate,No,12000.00,0.00,496.00,360.00,1.0,Semiurban,Y
LP002960,Male,Yes,0,Not Graduate,No,2400.00,3800.00,146.41,180.00,1.0,Urban,N
LP002961,Male,Yes,1,Graduate,No,3400.00,2500.00,173.00,360.00,1.0,Semiurban,Y
LP002964,Male,Yes,2,Not Graduate,No,3987.00,1411.00,157.00,360.00,1.0,Rural,Y
LP002974,Male,Yes,0,Graduate,No,3232.00,1950.00,108.00,360.00,1.0,Rural,Y
LP002978,Female,No,0,Graduate,No,2900.00,0.00,71.00,360.00,1.0,Rural,Y
LP002979,Male,Yes,3+,Graduate,No,4106.00,0.00,40.00,180.00,1.0,Rural,Y
LP002983,Male,Yes,1,Graduate,No,8072.00,240.00,253.00,360.00,1.0,Urban,Y
LP002984,Male,Yes,2,Graduate,No,7583.00,0.00,187.00,360.00,1.0,Urban,Y
LP002990,Female,No,0,Graduate,Yes,4583.00,0.00,133.00,360.00,0.0,Semiurban,N
